"Metabolite","QuantMasses","file","Area"
"Adenosine (3TMS)_noIdent","230","e19025ba_17.txt",2448489
"Adenosine (3TMS)_noIdent","230","e19025ba_18.txt",3958621
"Adenosine (3TMS)_noIdent","230","e19025ba_21.txt",1633214
"Adenosine (3TMS)_noIdent","230","e19025ba_20.txt",3335195
"Alanine_(3TMS)_MP_RI:1367_IDENT:B+C","110+133+114+100+188+190","e19025ba_17.txt",11400000
"Alanine_(3TMS)_MP_RI:1367_IDENT:B+C","110+133+114+100+188+190","e19025ba_18.txt",4533279
"Alanine_(3TMS)_MP_RI:1367_IDENT:B+C","110+133+114+100+188+190","e19025ba_20.txt",13800000
"Decane_n-_1000_Alk","71","e19025ba_21.txt",82600000
"Decane_n-_1000_Alk","71","e19025ba_20.txt",97700000
"Decane_n-_1000_Alk","71","e19025ba_18.txt",80900000
"Decane_n-_1000_Alk","71","e19025ba_17.txt",93700000
"Dodecane_n-_1200_Alk","71","e19025ba_17.txt",1.29e+08
"Dodecane_n-_1200_Alk","71","e19025ba_21.txt",1.19e+08
"Dodecane_n-_1200_Alk","71","e19025ba_18.txt",1.19e+08
"Dodecane_n-_1200_Alk","71","e19025ba_20.txt",1.26e+08
"Heptadecane_n-_1700_Alk","71","e19025ba_21.txt",1.27e+08
"Heptadecane_n-_1700_Alk","71","e19025ba_20.txt",1.26e+08
"Heptadecane_n-_1700_Alk","71","e19025ba_18.txt",1.23e+08
"Heptadecane_n-_1700_Alk","71","e19025ba_17.txt",1.23e+08
"Nonadecane_n-_1900_Alk","85","e19025ba_18.txt",43900000
"Nonadecane_n-_1900_Alk","85","e19025ba_17.txt",40700000
"Docosane_n-_2200_Alk","71","e19025ba_20.txt",89900000
"Docosane_n-_2200_Alk","71","e19025ba_17.txt",84700000
"Docosane_n-_2200_Alk","71","e19025ba_18.txt",89900000
"Octacosane_n-_2800_Alk","71","e19025ba_20.txt",60500000
"Octacosane_n-_2800_Alk","71","e19025ba_21.txt",89900000
"Octacosane_n-_2800_Alk","71","e19025ba_17.txt",64900000
"Octacosane_n-_2800_Alk","71","e19025ba_18.txt",91300000
"Dotriacontane_n-_3200_Alk","71","e19025ba_20.txt",60200000
"Dotriacontane_n-_3200_Alk","71","e19025ba_21.txt",67800000
"Dotriacontane_n-_3200_Alk","71","e19025ba_17.txt",68700000
"Dotriacontane_n-_3200_Alk","71","e19025ba_18.txt",68400000
"Hexatriacontane_n-_3600_Alk","71","e19025ba_21.txt",50100000
"Hexatriacontane_n-_3600_Alk","71","e19025ba_18.txt",5.5e+07
"Hexatriacontane_n-_3600_Alk","71","e19025ba_20.txt",50500000
"Hexatriacontane_n-_3600_Alk","71","e19025ba_17.txt",5.3e+07
"Cinnamic acid, trans- (1TMS)_noIdent","161+135+192+205","e19025ba_21.txt",2.96e+08
"Cinnamic acid, trans- (1TMS)_noIdent","161+135+192+205","e19025ba_17.txt",7.28e+08
"Cinnamic acid, trans- (1TMS)_noIdent","161+135+192+205","e19025ba_18.txt",4.58e+08
"Cinnamic acid, trans- (1TMS)_noIdent","161+135+192+205","e19025ba_20.txt",7.93e+08
"Citric acid_(4TMS)_MP_RI:1814_IDENT:B+D","149+273+183+133+211+275+277+278","e19025ba_21.txt",5081428
"Citric acid_(4TMS)_MP_RI:1814_IDENT:B+D","149+273+183+133+211+275+277+278","e19025ba_18.txt",2490016
"Citric acid_(4TMS)_MP_RI:1814_IDENT:B+D","149+273+183+133+211+275+277+278","e19025ba_17.txt",7316864
"Citric acid_(4TMS)_MP_RI:1814_IDENT:B+D","149+273+183+133+211+275+277+278","e19025ba_20.txt",6391089
"Erythritol_(4TMS)_MP_RI:1503_IDENT:A+B","133+117+129+103+217","e19025ba_17.txt",3.4e+07
"Erythritol_(4TMS)_MP_RI:1503_IDENT:A+B","133+117+129+103+217","e19025ba_20.txt",58800000
"Erythritol_(4TMS)_MP_RI:1503_IDENT:A+B","133+117+129+103+217","e19025ba_18.txt",27300000
"Ethanolamine_(3TMS)_SP_RI:1268_GMDpred","175","e19025ba_20.txt",96714
"Ethanolamine_(3TMS)_SP_RI:1268_GMDpred","175","e19025ba_17.txt",135476
"Fumaric acid_(2TMS)_MP_RI:1366_IDENT:A+C","143+246+133+115+245+247+249","e19025ba_17.txt",2933622
"Fumaric acid_(2TMS)_MP_RI:1366_IDENT:A+C","143+246+133+115+245+247+249","e19025ba_21.txt",2966154
"Fumaric acid_(2TMS)_MP_RI:1366_IDENT:A+C","143+246+133+115+245+247+249","e19025ba_18.txt",2577832
"Fumaric acid_(2TMS)_MP_RI:1366_IDENT:A+C","143+246+133+115+245+247+249","e19025ba_20.txt",3924456
"Glucose_(1MEOX)(5TMS)_BP_RI:1904_IDENT:B+D","160+117+129+205+103+217+220+162+132+207","e19025ba_21.txt",21900000
"Glutaric acid_(2TMS)_MP_RI:1418_IDENT:A+B","116+149+129+158+97","e19025ba_18.txt",10500000
"Glutaric acid_(2TMS)_MP_RI:1418_IDENT:A+B","116+149+129+158+97","e19025ba_17.txt",11400000
"Glutaric acid_(2TMS)_MP_RI:1418_IDENT:A+B","116+149+129+158+97","e19025ba_21.txt",19300000
"Glutaric acid_(2TMS)_MP_RI:1418_IDENT:A+B","116+149+129+158+97","e19025ba_20.txt",17900000
"Glutaric acid_ 2-hydroxy-_(3TMS)_MP_RI:1577_IDENT:A+D","157+149+247+203+129+251","e19025ba_18.txt",2297310
"Glutaric acid_ 2-hydroxy-_(3TMS)_MP_RI:1577_IDENT:A+D","157+149+247+203+129+251","e19025ba_17.txt",4726103
"Glutaric acid_ 2-hydroxy-_(3TMS)_MP_RI:1577_IDENT:A+D","157+149+247+203+129+251","e19025ba_20.txt",3526032
"Glutaric acid_ 2-hydroxy-_(3TMS)_MP_RI:1577_IDENT:A+D","157+149+247+203+129+251","e19025ba_21.txt",2499682
"Glyceric acid_(3TMS)_MP_RI:1339_IDENT:A+B","102+117+103+133+189","e19025ba_18.txt",7548641
"Glyceric acid_(3TMS)_MP_RI:1339_IDENT:A+B","102+117+103+133+189","e19025ba_20.txt",7941152
"Glyceric acid_(3TMS)_MP_RI:1339_IDENT:A+B","102+117+103+133+189","e19025ba_17.txt",15500000
"Glyceric acid_(3TMS)_MP_RI:1339_IDENT:A+B","102+117+103+133+189","e19025ba_21.txt",6574456
"Glycolic acid_(2TMS)_SP_RI:1073_GMDpred","177","e19025ba_17.txt",767005
"Glycolic acid_(2TMS)_SP_RI:1073_GMDpred","177","e19025ba_18.txt",613409
"Glycolic acid_(2TMS)_SP_RI:1073_GMDpred","177","e19025ba_21.txt",503651
"Glycolic acid_(2TMS)_SP_RI:1073_GMDpred","177","e19025ba_20.txt",551522
"Hydroxylamine (3TMS)_noIdent","146","e19025ba_17.txt",28200000
"Hydroxylamine (3TMS)_noIdent","146","e19025ba_21.txt",20800000
"Hydroxylamine (3TMS)_noIdent","146","e19025ba_18.txt",1.6e+07
"Hydroxylamine (3TMS)_noIdent","146","e19025ba_20.txt",21500000
"Inositol_ myo-_(6TMS)_MP_RI:2088_IDENT:C+D","129+191+305+217+133","e19025ba_18.txt",4.22e+08
"Lactic acid_(2TMS)_MP_RI:1055_IDENT:B+C","118+190+191+117+133+119+193+219+222","e19025ba_21.txt",2.29e+08
"Lactic acid_(2TMS)_MP_RI:1055_IDENT:B+C","118+190+191+117+133+119+193+219+222","e19025ba_18.txt",5.29e+08
"Malic acid_(3TMS)_MP_RI:1487_IDENT:B+D","101+133+117+149+233+245+247+249","e19025ba_17.txt",5132093
"Malic acid_(3TMS)_MP_RI:1487_IDENT:B+D","101+133+117+149+233+245+247+249","e19025ba_20.txt",9518517
"Malic acid_(3TMS)_MP_RI:1487_IDENT:B+D","101+133+117+149+233+245+247+249","e19025ba_21.txt",4599620
"Malic acid_(3TMS)_MP_RI:1487_IDENT:B+D","101+133+117+149+233+245+247+249","e19025ba_18.txt",3840156
"Serine_(2TMS)_BP_RI:1260_IDENT:C+D","103+116+132+117+144+118","e19025ba_20.txt",2.54e+08
"Serine_(2TMS)_BP_RI:1260_IDENT:C+D","103+116+132+117+144+118","e19025ba_21.txt",1.06e+08
"Serine_(2TMS)_BP_RI:1260_IDENT:C+D","103+116+132+117+144+118","e19025ba_17.txt",3.35e+08
"Serine_(3TMS)_MP_RI:1373_IDENT:C+D","116+218+133+204+100+206","e19025ba_18.txt",6.66e+08
"Serine_(3TMS)_MP_RI:1373_IDENT:C+D","116+218+133+204+100+206","e19025ba_20.txt",7.51e+08
"Serine_(3TMS)_MP_RI:1373_IDENT:C+D","116+218+133+204+100+206","e19025ba_21.txt",2.38e+08
"Serine_(3TMS)_MP_RI:1373_IDENT:C+D","116+218+133+204+100+206","e19025ba_17.txt",6.76e+08
"Succinic acid_(2TMS)_MP_RI:1327_IDENT:A+D","149+247+129+133+172+249+251","e19025ba_17.txt",14600000
"Succinic acid_(2TMS)_MP_RI:1327_IDENT:A+D","149+247+129+133+172+249+251","e19025ba_18.txt",12500000
"Succinic acid_(2TMS)_MP_RI:1327_IDENT:A+D","149+247+129+133+172+249+251","e19025ba_20.txt",16900000
"Succinic acid_(2TMS)_MP_RI:1327_IDENT:A+D","149+247+129+133+172+249+251","e19025ba_21.txt",13300000
